月份,日期,记录时间,时长,城市,运动类型,创建时间,Test,Text
01月,2026/01/02,2026/01/02 2:45 (GMT+8),2,上海市,其他,2026年1月2日 02:45,,
01月,2026/01/06,2026/01/06 10:19 (GMT+8),25,上海市,直播跳操,2026年1月6日 10:19,,
01月,2026/01/07,2026/01/07 11:10 (GMT+8),20,上海市,直播跳操,2026年1月7日 11:10,,
01月,2026/01/07,2026/01/07 14:08 (GMT+8),2,上海市,其他,2026年1月7日 14:08,,
01月,2026/01/12,2026/01/12 1:09 (GMT+8),2,上海市,其他,2026年1月12日 01:09,,
01月,2026/01/15,2026/01/15 10:42 (GMT+8),23,上海市,直播跳操,2026年1月15日 10:42,,
01月,2026/01/16,2026/01/16 11:18 (GMT+8),22,上海市,直播跳操,2026年1月16日 11:18,,
01月,2026/01/17,2026/01/17 1:14 (GMT+8),2,上海市,其他,2026年1月17日 01:14,,
01月,2026/01/21,2026/01/21 11:07 (GMT+8),25,上海市,直播跳操,2026年1月21日 11:07,,
01月,2026/01/21,2026/01/21 23:41 (GMT+8),2,上海市,其他,2026年1月21日 23:41,,
01月,2026/01/23,2026/01/23 2:21 (GMT+8),2,上海市,其他,2026年1月23日 02:21,,
01月,2026/01/24,2026/01/24 1:09 (GMT+8),2,上海市,其他,2026年1月24日 01:09,,
01月,2026/01/26,2026/01/26 2:40 (GMT+8),2,上海市,其他,2026年1月26日 02:40,,
01月,2026/01/27,2026/01/27 0:46 (GMT+8),2,上海市,其他,2026年1月27日 00:46,,
01月,2026/01/28,2026/01/28 10:55 (GMT+8),27,上海市,直播跳操,2026年1月28日 10:55,,
02月,2026/02/01,2026/02/01 1:37 (GMT+8),2,上海市,其他,2026年2月1日 01:37,,
02月,2026/02/02,2026/02/02 2:46 (GMT+8),2,上海市,其他,2026年2月2日 02:46,,
02月,2026/02/03,2026/02/03 2:44 (GMT+8),2,上海市,其他,2026年2月3日 02:45,,
02月,2026/02/06,2026/02/06 3:24 (GMT+8),2,上海市,其他,2026年2月6日 03:24,,
02月,2026/02/09,2026/02/09 2:24 (GMT+8),2,上海市,其他,2026年2月9日 02:24,,
02月,2026/02/09,2026/02/09 17:23 (GMT+8),2,上海市,其他,2026年2月9日 17:23,,
02月,2026/02/28,2026/04/04 3:38 (GMT+8),30,上海市,其他,2026年4月4日 03:39,XX,
02月,2026/02/28,2026/04/04 3:38 (GMT+8),30,上海市,其他,2026年4月4日 03:38,XX,
03月,2026/03/01,2026/03/01 3:41 (GMT+8),30,长沙市,其他,2026年3月1日 03:41,HH,
03月,2026/03/03,2026/03/03 17:51 (GMT+8),2,上海市,其他,2026年3月3日 17:51,,
03月,2026/03/04,2026/03/04 17:27 (GMT+8),2,上海市,其他,2026年3月4日 17:27,,
03月,2026/03/10,2026/03/10 2:14 (GMT+8),2,上海市,其他,2026年3月10日 02:14,,
03月,2026/03/16,2026/03/16 0:26 (GMT+8),2,上海市,其他,2026年3月16日 00:26,,
03月,2026/03/16,2026/03/16 18:46 (GMT+8),2,上海市,其他,2026年3月16日 18:46,,
03月,2026/03/19,2026/03/19 16:36 (GMT+8),2,上海市,其他,2026年3月19日 16:36,,
03月,2026/03/28,2026/03/28 1:47 (GMT+8),30,上海市,跑步,2026年3月28日 01:47,,
03月,2026/03/29,2026/03/29 3:03 (GMT+8),2,上海市,其他,2026年3月29日 03:03,,
03月,2026/03/29,2026/03/29 22:10 (GMT+8),37,上海市,跑步,2026年3月29日 22:10,,
03月,2026/03/30,2026/03/30 22:06 (GMT+8),22,上海市,跑步,2026年3月30日 22:06,,
04月,2026/04/01,2026/04/01 19:08 (GMT+8),2,上海市,其他,2026年4月1日 19:09,,
04月,2026/04/01,2026/04/01 21:53 (GMT+8),32,上海市,跑步,2026年4月1日 21:53,,
04月,2026/04/04,2026/04/04 3:23 (GMT+8),2,上海市,其他,2026年4月4日 03:23,,
04月,2026/04/05,2026/04/05 22:42 (GMT+8),36,上海市,跑步,2026年4月5日 22:42,,
04月,2026/04/06,2026/04/06 23:06 (GMT+8),30,上海市,跑步,2026年4月6日 23:06,,
04月,2026/04/07,2026/04/07 3:13 (GMT+8),2,上海市,其他,2026年4月7日 15:13,,
04月,2026/04/07,2026/04/07 15:13 (GMT+8),2,上海市,其他,2026年4月7日 15:13,,
04月,2026/04/09,2026/04/09 23:39 (GMT+8),2,上海市,其他,2026年4月9日 23:40,,
04月,2026/04/10,2026/04/10 22:24 (GMT+8),32,上海市,跑步,2026年4月10日 22:24,,
04月,2026/04/14,2026/04/14 1:13 (GMT+8),2,乌鲁木齐市,其他,2026年4月14日 01:13,,
04月,2026/04/17,2026/04/17 1:13 (GMT+8),2,乌鲁木齐市,其他,2026年4月20日 01:04,,
04月,2026/04/17,2026/04/17 3:13 (GMT+8),2,乌鲁木齐市,其他,2026年4月20日 01:04,,
04月,2026/04/18,2026/04/18 1:13 (GMT+8),2,乌鲁木齐市,其他,2026年4月20日 01:04,,
04月,2026/04/23,2026/04/23 2:28 (GMT+8),2,上海市,其他,2026年4月23日 02:28,,
05月,2026/05/02,2026/05/02 3:26 (GMT+8),2,上海市,其他,2026年5月2日 03:26,,
05月,2026/05/04,2026/05/04 0:58 (GMT+8),2,上海市,其他,2026年5月4日 00:58,,
05月,2026/05/05,2026/05/05 2:22 (GMT+8),2,上海市,其他,2026年5月5日 02:22,,
05月,2026/05/06,2026/05/06 22:27 (GMT+8),30,上海市,跑步,2026年5月6日 22:27,,
05月,2026/05/08,2026/05/08 21:27 (GMT+8),24,上海市,跑步,2026年5月8日 21:27,,
05月,2026/05/09,2026/05/09 2:57 (GMT+8),2,上海市,其他,2026年5月9日 02:57,,
05月,2026/05/10,2026/05/10 2:33 (GMT+8),2,上海市,其他,2026年5月10日 02:33,,
05月,2026/05/13,2026/05/13 2:02 (GMT+8),2,南京市,其他,2026年5月13日 02:02,,
05月,2026/05/15,2026/05/15 17:01 (GMT+8),2,上海市,其他,2026年5月15日 17:01,,
05月,2026/05/18,2026/05/18 18:27 (GMT+8),2,上海市,其他,2026年5月18日 18:27,,
05月,2026/05/21,2026/05/21 3:10 (GMT+8),2,上海市,其他,2026年5月21日 03:10,,
05月,2026/05/25,2026/05/25 13:33 (GMT+8),2,上海市,其他,2026年5月25日 13:33,,
05月,2026/05/25,2026/05/25 22:31 (GMT+8),30,上海市,跑步,2026年5月25日 22:31,,
05月,2026/05/26,2026/05/26 16:35 (GMT+8),2,上海市,其他,2026年5月26日 16:35,,
05月,2026/05/31,2026/05/31 22:43 (GMT+8),30,上海市,跑步,2026年5月31日 22:43,,
06月,2026/06/01,2026/06/01 23:35 (GMT+8),30,上海市,跑步,2026年6月1日 23:35,,
06月,2026/06/05,2026/06/05 1:35 (GMT+8),30,洛阳,其他,2026年6月8日 02:44,XX,
06月,2026/06/05,2026/06/05 1:35 (GMT+8),30,洛阳,其他,2026年6月8日 02:43,XX,
06月,2026/06/08,2026/06/08 2:55 (GMT+8),2,上海市,其他,2026年6月8日 02:55,,
06月,2026/06/08,2026/06/08 14:20 (GMT+8),2,上海市,其他,2026年6月8日 14:21,,
06月,2026/06/10,2026/06/10 22:05 (GMT+8),34,上海市,跑步,2026年6月10日 22:05,,
06月,2026/06/11,2026/06/11 21:54 (GMT+8),30,上海市,跑步,2026年6月11日 21:54,,
06月,2026/06/18,2026/06/18 4:09 (GMT+8),30,上海市,其他,2026年6月18日 21:09,W0,
06月,2026/06/18,2026/06/18 9:09 (GMT+8),30,上海市,其他,2026年6月19日 02:48,W0,
06月,2026/06/22,2026/06/22 0:30 (GMT+8),2,上海市,其他,2026年6月22日 00:30,,
06月,2026/06/23,2026/06/23 2:05 (GMT+8),2,上海市,其他,2026年6月23日 02:05,,
06月,2026/06/24,2026/06/24 2:11 (GMT+8),2,上海市,其他,2026年6月24日 02:11,,
06月,2026/06/26,2026/06/26 3:14 (GMT+8),2,上海市,其他,2026年6月26日 03:14,,
06月,2026/06/28,2026/06/28 22:23 (GMT+8),34,上海市,跑步,2026年6月28日 22:23,,
06月,2026/06/29,2026/06/29 12:45 (GMT+8),34,上海市,跑步,2026年6月29日 12:45,,
06月,2026/06/29,2026/06/29 12:45 (GMT+8),2,上海市,其他,2026年6月29日 12:45,,
06月,2026/06/30,2026/06/30 2:24 (GMT+8),2,上海市,其他,2026年6月30日 02:24,,
07月,2026/07/02,2026/07/02 3:00 (GMT+8),2,上海市,其他,2026年7月2日 03:00,,
07月,2026/07/04,2026/07/04 2:32 (GMT+8),2,上海市,其他,2026年7月4日 02:32,,
07月,2026/07/07,2026/07/07 23:22 (GMT+8),2,上海市,其他,2026年7月7日 23:22,,
07月,2026/07/08,2026/07/08 23:22 (GMT+8),30,上海市,其他,2026年7月13日 18:22,W0,
07月,2026/07/09,2026/07/09 9:22 (GMT+8),30,上海市,其他,2026年7月13日 18:22,W0,
07月,2026/07/13,2026/07/13 17:56 (GMT+8),2,上海市,其他,2026年7月13日 17:56,,
07月,2026/07/13,2026/07/13 22:14 (GMT+8),30,上海市,跑步,2026年7月13日 22:14,,
07月,2026/07/15,2026/07/15 0:08 (GMT+8),30,上海市,其他,2026年7月15日 13:08,W0,
07月,2026/07/15,2026/07/15 2:08 (GMT+8),30,上海市,其他,2026年7月16日 01:35,W0,
07月,2026/07/19,2026/07/19 2:16 (GMT+8),2,上海市,其他,2026年7月19日 02:16,,
07月,2026/07/22,2026/07/22 1:21 (GMT+8),2,上海市,其他,2026年7月22日 01:21,,
07月,2026/07/30,2026/07/30 18:21 (GMT+8),2,上海市,其他,2026年7月30日 18:21,,
08月,2026/08/02,2026/08/02 1:48 (GMT+8),2,上海市,其他,2026年8月2日 01:48,,
08月,2026/08/05,2026/08/05 22:08 (GMT+8),25,上海市,跑步,2026年8月5日 22:08,,
08月,2026/08/07,2026/08/07 2:38 (GMT+8),2,上海市,其他,2026年8月7日 02:38,,
08月,2026/08/14,2026/08/14 2:26 (GMT+8),2,黔南布依族苗族自治州,其他,2026年8月14日 02:26,,
08月,2026/08/16,2026/08/16 1:53 (GMT+8),2,贵阳市,其他,2026年8月16日 01:53,,
08月,2026/08/17,2026/08/17 1:28 (GMT+8),2,贵阳市,其他,2026年8月17日 01:28,,
08月,2026/08/20,2026/08/20 2:46 (GMT+8),2,恩施土家族苗族自治州,其他,2026年8月20日 02:46,,
08月,2026/08/27,2026/08/27 17:53 (GMT+8),2,上海市,其他,2026年8月27日 17:53,,
08月,2026/08/30,2026/08/30 2:27 (GMT+8),2,上海市,其他,2026年8月30日 02:27,,
08月,2026/08/31,2026/08/31 21:47 (GMT+8),31,上海市,跑步,2026年8月31日 21:47,,
09月,2026/09/02,2026/09/02 1:44 (GMT+8),2,上海市,其他,2026年9月2日 01:44,,
09月,2026/09/05,2026/09/05 2:22 (GMT+8),2,上海市,其他,2026年9月5日 02:22,,
09月,2026/09/06,2026/09/06 4:05 (GMT+8),2,上海市,其他,2026年9月6日 04:05,,
09月,2026/09/07,2026/09/07 22:20 (GMT+8),27,上海市,跑步,2026年9月7日 22:20,,
09月,2026/09/11,2026/09/11 23:50 (GMT+8),30,上海市,其他,2026年9月16日 01:50,W0,
09月,2026/09/12,2026/09/12 23:50 (GMT+8),30,上海市,其他,2026年9月16日 01:52,W0,
09月,2026/09/13,2026/09/13 10:50 (GMT+8),30,上海市,其他,2026年9月16日 01:52,W0,
09月,2026/09/16,2026/09/16 1:53 (GMT+8),20,上海市,跑步,2026年9月16日 01:53,,
09月,2026/09/16,2026/09/16 16:53 (GMT+8),2,上海市,其他,2026年9月16日 16:53,,
09月,2026/09/19,2026/09/19 22:37 (GMT+8),26,上海市,跑步,2026年9月19日 22:37,,
09月,2026/09/20,2026/09/20 21:57 (GMT+8),35,上海市,跑步,2026年9月20日 21:57,,
09月,2026/09/21,2026/09/21 21:49 (GMT+8),32,上海市,跑步,2026年9月21日 21:49,,